Workbook

Sheet 男子個人記録用紙
A1: 男子個人戦トーナメント
A3: =[1]抽選表!B12 -> 小口 晴矢 | B3: （ | C3: =[1]抽選表!C12 -> 松代 | D3: ） | E3: 1 | R3: 17 | S3: =[1]抽選表!B13 -> 荒川 想太 | T3: （ | U3: =[1]抽選表!C13 -> 松川 | V3: ）
A7: =[1]抽選表!L20 -> 有賀 梨稀 | B7: （ | C7: =[1]抽選表!M20 -> 辰野 | D7: ） | E7: 2 | R7: 18 | S7: =[1]抽選表!L22 -> 野田 かんた | T7: （ | U7: =[1]抽選表!M22 -> 鉢盛 | V7: ）
A11: =[1]抽選表!J14 -> 山岸 大悟 | B11: （ | C11: =[1]抽選表!K14 -> 小諸東 | D11: ） | E11: 3 | R11: 19 | S11: =[1]抽選表!J12 -> 関 諒太 | T11: （ | U11: =[1]抽選表!K12 -> 長野東部 | V11: ）
A15: =[1]抽選表!H15 -> 松﨑 光留 | B15: （ | C15: =[1]抽選表!I15 -> 白馬 | D15: ） | E15: 4 | R15: 20 | S15: =[1]抽選表!H14 -> 倉坂 史哉 | T15: （ | U15: =[1]抽選表!I14 -> 小諸東 | V15: ）
A19: =[1]抽選表!F14 -> 安藤 成寿 | B19: （ | C19: =[1]抽選表!G14 -> 上田五 | D19: ） | E19: 5 | R19: 21 | S19: =[1]抽選表!F12 -> 青山 奏斗 | T19: （ | U19: =[1]抽選表!G12 -> 松代 | V19: ）
A23: =[1]抽選表!L15 -> 大池 典弘 | B23: （ | C23: =[1]抽選表!M15 -> 鉢盛 | D23: ） | E23: 6 | R23: 22 | S23: =[1]抽選表!L14 -> 黒岩 侑飛 | T23: （ | U23: =[1]抽選表!M14 -> 上田三 | V23: ）
A27: =[1]抽選表!J19 -> 竹内 健人 | B27: （ | C27: =[1]抽選表!K19 -> 篠ノ井東 | D27: ） | E27: 7 | R27: 23 | S27: =[1]抽選表!J20 -> 増澤 普賢 | T27: （ | U27: =[1]抽選表!K20 -> 岡谷東部 | V27: ）
A31: =[1]抽選表!D13 -> 仲川 典志 | B31: （ | C31: =[1]抽選表!E13 -> 下條 | D31: ） | E31: 8 | R31: 24 | S31: =[1]抽選表!D15 -> 関森 悠稀 | T31: （ | U31: =[1]抽選表!E15 -> 筑北 | V31: ）
A35: =[1]抽選表!D14 -> 髙山 哲治 | B35: （ | C35: =[1]抽選表!E14 -> 浅間 | D35: ） | E35: 9 | R35: 25 | S35: =[1]抽選表!D12 -> 鈴木 悠真 | T35: （ | U35: =[1]抽選表!E12 -> 柳町 | V35: ）
A39: =[1]抽選表!J22 -> 林 建宏 | B39: （ | C39: =[1]抽選表!K22 -> 大町一 | D39: ） | E39: 10 | R39: 26 | S39: =[1]抽選表!J21 -> 井出 基嵩 | T39: （ | U39: =[1]抽選表!K21 -> 浅間 | V39: ）
A43: =[1]抽選表!L12 -> 村松 駿 | B43: （ | C43: =[1]抽選表!M12 -> 篠ノ井西 | D43: ） | E43: 11 | R43: 27 | S43: =[1]抽選表!L13 -> 中澤 一馬 | T43: （ | U43: =[1]抽選表!M13 -> 諏訪西 | V43: ）
A47: =[1]抽選表!F13 -> 川手 丈清 | B47: （ | C47: =[1]抽選表!G13 -> 下條 | D47: ） | E47: 12 | K47: 三位決定 | R47: 28 | S47: =[1]抽選表!F15 -> 牧野 碧 | T47: （ | U47: =[1]抽選表!G15 -> 鉢盛 | V47: ）
A51: =[1]抽選表!H12 -> 小出 叶 | B51: （ | C51: =[1]抽選表!I12 -> 高山 | D51: ） | E51: 13 | K51: １２３ | L51: １２３ | R51: 29 | S51: =[1]抽選表!H13 -> 福澤 充志 | T51: （ | U51: =[1]抽選表!I13 -> 下條 | V51: ）
A55: =[1]抽選表!J13 -> 渡邉 秋斗 | B55: （ | C55: =[1]抽選表!K13 -> 赤穂 | D55: ） | E55: 14 | R55: 30 | S55: =[1]抽選表!J15 -> 滝川 渉 | T55: （ | U55: =[1]抽選表!K15 -> 穂高西 | V55: ）
A59: =[1]抽選表!L21 -> 山賀 祐 | B59: （ | C59: =[1]抽選表!M21 -> 上田三 | D59: ） | E59: 15 | R59: 31 | S59: =[1]抽選表!L19 -> 宮下 昂大 | T59: （ | U59: =[1]抽選表!M19 -> 柳町 | V59: ）
A63: =[1]抽選表!B15 -> 大宇根 渓平 | B63: （ | C63: =[1]抽選表!C15 -> 鉢盛 | D63: ） | E63: 16 | R63: 32 | S63: =[1]抽選表!B14 -> 水野 晃汰 | T63: （ | U63: =[1]抽選表!C14 -> 佐久長聖 | V63: ）
J64: ５．６位決定戦
J69: １２３ | L69: １２３
K74: ７位決定
K78: １２３ | L78: １２３
A92: １位 | F92: ２位 | L92: ３位 | R92: ４位
A96: ５位 | F96: ６位 | L96: ７位 | R96: ８位
